feature_type	combination_name	combination_id	segment	position_met1	position_N2	ref_AA	alt_AA	name	subtype_tested	subtype_notes	phenotypic_consequences	phenotypic_category	concern_score	confidence_score	phenotypic_effect	host_type	host_taxon	source	references	PMID	additional_comments	laninamivir_resistance	oseltamivir_resistance	peramivir_resistance	zanamivir_resistance	gpha_background	gpha_known_muts
single			NA	254	274	H	Y	H254Y	H5N1		Reduced susceptibility to oseltamivir	antiviral_susceptibility			increase	avian	swan	literature	https://doi.org/10.1007/s11965-008-1006-3 	18368779	Found H254Y mutation in wild swan in Russia						
single			NA	96	116	V	A	V96A	H5N1		Reduced susceptibility to oseltamivir	antiviral_susceptibility			increase	avian	chicken	literature	https://doi.org/10.1016/j.antiviral.2006.10.004 	17112602			Y		Y	Y	Y
combination	NA:I97V-NA:IcheckV	NA:I97V-NA:IcheckV:1	NA	97	117	I	V	I97V	H5N1		Reduced susceptibility to oseltamivir	antiviral_susceptibility			increase	avian	chicken	literature	https://doi.org/10.1016/j.antiviral.2006.10.004 	17112602			Y			Y	
single			NA	97	117	I	V	I97V	H5N1		Reduced susceptibility to oseltamivir	antiviral_susceptibility			increase	avian	chicken	literature	https://doi.org/10.1016/j.antiviral.2006.10.004 	17112602			Y				Y
single			NA	96	116	V	A	V96A	H5N1		Reduced susceptibility to zanamivir	antiviral_susceptibility			increase	avian	chicken	literature	https://doi.org/10.1016/j.antiviral.2006.10.004 	17112602			Y		Y	Y	Y
combination	NA:Q116K-NA:H254Y	NA:Q116K-NA:H254Y:1	NA	116	136	Q	K	Q116K	H1N1		Reduced susceptability to  A-315675	antiviral_susceptibility			increase	human	human	literature	https://doi.org/10.1016/j.antiviral.2009.11.005 	19917319				Y	Y		Y
single			NA	116	136	Q	K	Q116K	H1N1		Reduced susceptability to  A-315675	antiviral_susceptibility			increase	human	human	literature	https://doi.org/10.1016/j.antiviral.2009.11.005 	19917319				Y	Y		Y
combination	NA:Q116K-NA:H254Y	NA:Q116K-NA:H254Y:2	NA	254	274	H	Y	H254Y	H1N1		Reduced susceptability to  A-315675	antiviral_susceptibility			increase	human	human	literature	https://doi.org/10.1016/j.antiviral.2009.11.005 	19917319				Y	Y		Y
combination	NA:Q116K-NA:H254Y	NA:Q116K-NA:H254Y:1	NA	116	136	Q	K	Q116K	H1N1		Reduced susceptibility to peramivir	antiviral_susceptibility			increase	human	human	literature	https://doi.org/10.1016/j.antiviral.2009.11.005 	19917319				Y	Y		Y
single			NA	116	136	Q	K	Q116K	H1N1		Reduced susceptibility to peramivir	antiviral_susceptibility			increase	human	human	literature	https://doi.org/10.1016/j.antiviral.2009.11.005 	19917319				Y	Y		Y
combination	NA:Q116K-NA:H254Y	NA:Q116K-NA:H254Y:2	NA	254	274	H	Y	H254Y	H1N1		Reduced susceptibility to peramivir	antiviral_susceptibility			increase	human	human	literature	https://doi.org/10.1016/j.antiviral.2009.11.005 	19917319				Y	Y		Y
combination	NA:Q116K-NA:H254Y	NA:Q116K-NA:H254Y:1	NA	116	136	Q	K	Q116K	H1N1		Reduced susceptibility to zanamivir	antiviral_susceptibility			increase	human	human	literature	https://doi.org/10.1016/j.antiviral.2009.11.005 	19917319				Y	Y		Y
single			NA	116	136	Q	K	Q116K	H1N1		Reduced susceptibility to zanamivir	antiviral_susceptibility			increase	human	human	literature	https://doi.org/10.1016/j.antiviral.2009.11.005 	19917319				Y	Y		Y
combination	NA:Q116K-NA:H254Y	NA:Q116K-NA:H254Y:2	NA	254	274	H	Y	H254Y	H1N1		Reduced susceptibility to zanamivir	antiviral_susceptibility			increase	human	human	literature	https://doi.org/10.1016/j.antiviral.2009.11.005 	19917319				Y	Y		Y
single			NA	116	136	Q	L	Q116L	H5N1		Reduced susceptibility to oseltamivir	antiviral_susceptibility			increase	mammalian	feret	literature	https://doi.org/10.1016/j.antiviral.2010.06.009 	20603155	136 mutations tend to be culture adapations, not found in clinical isolates		Y		Y	Y	Y
single			NA	116	136	Q	L	Q116L	H5N1		Reduced susceptibility to zanamivir	antiviral_susceptibility			increase	mammalian	feret	literature	https://doi.org/10.1016/j.antiviral.2010.06.009 	20603155	136 mutations tend to be culture adapations, not found in clinical isolates		Y		Y	Y	Y
single			NA	254	274	H	Y	H254Y	H5N1		Reduced susceptibility to oseltamivir	antiviral_susceptibility			increase	avian	avian	literature	https://doi.org/10.1016/j.meegid.2008.10.006 	19022400	3 independent H254Y mutations in phylogeny in study						
single			NA	275	294	N	S	N275S	H5N1		Reduced susceptibility to oseltamivir	antiviral_susceptibility			increase	avian	avian	literature	https://doi.org/10.1016/j.meegid.2008.10.006 	19022400			Y				Y
single			NA	97	117	I	T	I97T	H5N1		Reduced susceptibility to oseltamivir	antiviral_susceptibility			increase	avian	avian cells	literature	https://doi.org/10.1016/j.vetmic.2019.06.005 	31282375			Y		Y	Y	
single			NA	97	117	I	T	I97T	H5N1		Reduced susceptibility to zanamivir	antiviral_susceptibility			increase	avian	avian cells	literature	https://doi.org/10.1016/j.vetmic.2019.06.005 	31282375			Y		Y	Y	
single			NA	99	119	E	D	E99D	H9N2		Reduced susceptibility to zanamivir	antiviral_susceptibility			increase	avian	avian cells	literature	https://doi.org/10.1016/j.virusres.2019.03.019	30910698					Y	Y	
single			NA	254	274	H	Y	H254Y	H5N1		Reduced susceptibility to oseltamivir	antiviral_susceptibility			increase	mammalian	human	literature	https://doi.org/10.1038/4371108a 	16228009			Y			Y	Y
single			NA	254	274	H	Y	H254Y	H5N1		Reduced susceptibility to oseltamivir	antiviral_susceptibility			increase	mammalian	human	literature	https://doi.org/10.1056/nejmoa054512 	16371632							
combination	NA:I203R-NA:H254Y	NA:I203R-NA:H254Y:1	NA	203	222	I	R	I203R	H1N1		Reduced susceptibility to oseltamivir	antiviral_susceptibility			increase	mammalian	human	literature	https://doi.org/10.1086/656439 	20858074							
single			NA	203	222	I	K	I203K	H1N1		Reduced susceptibility to oseltamivir	antiviral_susceptibility			increase	mammalian	human	literature	https://doi.org/10.1086/656439 	20858074							
combination	NA:I203R-NA:H254Y	NA:I203R-NA:H254Y:2	NA	254	274	H	Y	H254Y	H1N1		Reduced susceptibility to oseltamivir	antiviral_susceptibility			increase	mammalian	human	literature	https://doi.org/10.1086/656439 	20858074							
combination	NA:I203R-NA:H254Y	NA:I203R-NA:H254Y:1	NA	203	222	I	R	I203R	H1N1		Reduced susceptibility to peramivir	antiviral_susceptibility			increase	mammalian	human	literature	https://doi.org/10.1086/656439 	20858074							
combination	NA:I203R-NA:H254Y	NA:I203R-NA:H254Y:2	NA	254	274	H	Y	H254Y	H1N1		Reduced susceptibility to peramivir	antiviral_susceptibility			increase	mammalian	human	literature	https://doi.org/10.1086/656439 	20858074							
single			NA	99	119	E	V	E99V	H1N1		Reduced susceptibility to oseltamivir	antiviral_susceptibility			increase	human	human cells	literature	https://doi.org/10.1093/infdis/jiq010 	21148493							
single			NA	203	222	I	V	I203V	H1N1		Reduced susceptibility to oseltamivir	antiviral_susceptibility			increase	human	human cells	literature	https://doi.org/10.1093/infdis/jiq010 	21148493	Minor increase in resistance as single mutation						
single			NA	275	294	N	S	N275S	H1N1		Reduced susceptibility to oseltamivir	antiviral_susceptibility			increase	human	human cells	literature	https://doi.org/10.1093/infdis/jiq010 	21148493			Y	Y			Y
single			NA	99	119	E	G	E99G	H1N1		Reduced susceptibility to peramivir	antiviral_susceptibility			increase	human	human cells	literature	https://doi.org/10.1093/infdis/jiq010 	21148493							
single			NA	99	119	E	V	E99V	H1N1		Reduced susceptibility to peramivir	antiviral_susceptibility			increase	human	human cells	literature	https://doi.org/10.1093/infdis/jiq010 	21148493							
single			NA	275	294	N	S	N275S	H1N1		Reduced susceptibility to peramivir	antiviral_susceptibility			increase	human	human cells	literature	https://doi.org/10.1093/infdis/jiq010 	21148493			Y	Y			Y
single			NA	99	119	E	G	E99G	H1N1		Reduced susceptibility to zanamivir	antiviral_susceptibility			increase	human	human cells	literature	https://doi.org/10.1093/infdis/jiq010 	21148493							
single			NA	99	119	E	V	E99V	H1N1		Reduced susceptibility to zanamivir	antiviral_susceptibility			increase	human	human cells	literature	https://doi.org/10.1093/infdis/jiq010 	21148493							
single			NA	179	198	D	G	D179G	H5N1		Reduced susceptibility to oseltamivir	antiviral_susceptibility			increase	human	human cells	literature	https://doi.org/10.1093/infdis/jiq010 	21148493			Y		Y		Y
single			NA	179	198	D	G	D179G	H5N1		Reduced susceptibility to zanamivir	antiviral_susceptibility			increase	human	human cells	literature	https://doi.org/10.1093/infdis/jiq010 	21148493			Y		Y		Y
combination	NA:E99V-NA:E203V	NA:E99V-NA:E203V:1	NA	99	119	E	V	E99V	H7N9		Reduced susceptibility to oseltamivir	antiviral_susceptibility			increase	human	human	literature	https://doi.org/10.1093/infdis/jiu447	25124927			Y			Y	
combination	NA:E99V-NA:E203V	NA:E99V-NA:E203V:2	NA	203	222	E	V	E203V	H7N9		Reduced susceptibility to oseltamivir	antiviral_susceptibility			increase	human	human	literature	https://doi.org/10.1093/infdis/jiu447	25124927			Y			Y	
single			NA	203	222	I	K	I203K	H7N9		Reduced susceptibility to laninamivir	antiviral_susceptibility			increase	insect	insect cells	literature	https://doi.org/10.1093/infdis/jiw625	28934455		Y	Y	Y	Y	Y	
single			NA	203	222	I	R	I203R	H7N9		Reduced susceptibility to laninamivir	antiviral_susceptibility			increase	insect	insect cells	literature	https://doi.org/10.1093/infdis/jiw625	28934455		Y	Y			Y	
single			NA	203	222	I	K	I203K	H7N9		Reduced susceptibility to oseltamivir	antiviral_susceptibility			increase	insect	insect cells	literature	https://doi.org/10.1093/infdis/jiw625	28934455		Y	Y	Y	Y	Y	
single			NA	203	222	I	R	I203R	H7N9		Reduced susceptibility to oseltamivir	antiviral_susceptibility			increase	insect	insect cells	literature	https://doi.org/10.1093/infdis/jiw625	28934455		Y	Y			Y	
single			NA	203	222	I	K	I203K	H7N9		Reduced susceptibility to peramivir	antiviral_susceptibility			increase	insect	insect cells	literature	https://doi.org/10.1093/infdis/jiw625	28934455		Y	Y	Y	Y	Y	
single			NA	203	222	I	K	I203K	H7N9		Reduced susceptibility to zanamivir	antiviral_susceptibility			increase	insect	insect cells	literature	https://doi.org/10.1093/infdis/jiw625	28934455		Y	Y	Y	Y	Y	
single			NA	254	274	H	Y	H254Y	H5N1		Reduced susceptibility to oseltamivir	antiviral_susceptibility			increase	insect	insect cells	literature	https://doi.org/10.1093/infdis/jiw625 	28934455			Y	Y		Y	
single			NA	254	274	H	Y	H254Y	H5N1		Reduced susceptibility to peramivir	antiviral_susceptibility			increase	insect	insect cells	literature	https://doi.org/10.1093/infdis/jiw625 	28934455			Y	Y		Y	
single			NA	99	119	E	A	E99A	H7N9		Reduced susceptibility to laninamivir	antiviral_susceptibility			increase	insect	insect cells	literature	https://doi.org/10.1093/infdis/jiw625 	28934455		Y	Y	Y	Y	Y	
single			NA	99	119	E	D	E99D	H7N9		Reduced susceptibility to laninamivir	antiviral_susceptibility			increase	insect	insect cells	literature	https://doi.org/10.1093/infdis/jiw625 	28934455		Y	Y	Y	Y	Y	
single			NA	99	119	E	G	E99G	H7N9		Reduced susceptibility to laninamivir	antiviral_susceptibility			increase	insect	insect cells	literature	https://doi.org/10.1093/infdis/jiw625 	28934455		Y		Y	Y	Y	
single			NA	116	136	Q	L	Q116L	H7N9		Reduced susceptibility to laninamivir	antiviral_susceptibility			increase	insect	insect cells	literature	https://doi.org/10.1093/infdis/jiw625 	28934455	136 mutations tend to be culture adapations, not found in clinical isolates	Y		Y	Y	Y	
single			NA	132	152	R	K	R132K	H7N9		Reduced susceptibility to laninamivir	antiviral_susceptibility			increase	insect	insect cells	literature	https://doi.org/10.1093/infdis/jiw625 	28934455		Y				Y	
single			NA	99	119	E	A	E99A	H7N9		Reduced susceptibility to oseltamivir	antiviral_susceptibility			increase	insect	insect cells	literature	https://doi.org/10.1093/infdis/jiw625 	28934455		Y	Y	Y	Y	Y	
single			NA	99	119	E	D	E99D	H7N9		Reduced susceptibility to oseltamivir	antiviral_susceptibility			increase	insect	insect cells	literature	https://doi.org/10.1093/infdis/jiw625 	28934455		Y	Y	Y	Y	Y	
single			NA	228	247	T	P	T228P	H7N9		Reduced susceptibility to oseltamivir	antiviral_susceptibility			increase	insect	insect cells	literature	https://doi.org/10.1093/infdis/jiw625 	28934455			Y		Y	Y	
single			NA	254	274	H	Y	H254Y	H7N9		Reduced susceptibility to oseltamivir	antiviral_susceptibility			increase	insect	insect cells	literature	https://doi.org/10.1093/infdis/jiw625 	28934455			Y			Y	
single			NA	99	119	E	A	E99A	H7N9		Reduced susceptibility to peramivir	antiviral_susceptibility			increase	insect	insect cells	literature	https://doi.org/10.1093/infdis/jiw625 	28934455		Y	Y	Y	Y	Y	
single			NA	99	119	E	D	E99D	H7N9		Reduced susceptibility to peramivir	antiviral_susceptibility			increase	insect	insect cells	literature	https://doi.org/10.1093/infdis/jiw625 	28934455		Y	Y	Y	Y	Y	
single			NA	99	119	E	G	E99G	H7N9		Reduced susceptibility to peramivir	antiviral_susceptibility			increase	insect	insect cells	literature	https://doi.org/10.1093/infdis/jiw625 	28934455		Y		Y	Y	Y	
single			NA	116	136	Q	L	Q116L	H7N9		Reduced susceptibility to peramivir	antiviral_susceptibility			increase	insect	insect cells	literature	https://doi.org/10.1093/infdis/jiw625 	28934455	136 mutations tend to be culture adapations, not found in clinical isolates	Y		Y	Y	Y	
single			NA	99	119	E	A	E99A	H7N9		Reduced susceptibility to zanamivir	antiviral_susceptibility			increase	insect	insect cells	literature	https://doi.org/10.1093/infdis/jiw625 	28934455		Y	Y	Y	Y	Y	
single			NA	99	119	E	D	E99D	H7N9		Reduced susceptibility to zanamivir	antiviral_susceptibility			increase	insect	insect cells	literature	https://doi.org/10.1093/infdis/jiw625 	28934455		Y	Y	Y	Y	Y	
single			NA	99	119	E	G	E99G	H7N9		Reduced susceptibility to zanamivir	antiviral_susceptibility			increase	insect	insect cells	literature	https://doi.org/10.1093/infdis/jiw625 	28934455		Y		Y	Y	Y	
single			NA	116	136	Q	L	Q116L	H7N9		Reduced susceptibility to zanamivir	antiviral_susceptibility			increase	insect	insect cells	literature	https://doi.org/10.1093/infdis/jiw625 	28934455	136 mutations tend to be culture adapations, not found in clinical isolates	Y		Y	Y	Y	
single			NA	228	247	T	P	T228P	H7N9		Reduced susceptibility to zanamivir	antiviral_susceptibility			increase	insect	insect cells	literature	https://doi.org/10.1093/infdis/jiw625 	28934455			Y		Y	Y	
combination	NA:I203L-NA:S227N	NA:I203L-NA:S227N:1	NA	203	222	I	L	I203L	H5N1		Reduced susceptibility to oseltamivir	antiviral_susceptibility			increase	insect	insect cells	literature	https://doi.org/10.1093/infdis/jix003 	28934457			Y			Y	
combination	NA:I203L-NA:S227N	NA:I203L-NA:S227N:2	NA	227	246	S	N	S227N	H5N1		Reduced susceptibility to oseltamivir	antiviral_susceptibility			increase	insect	insect cells	literature	https://doi.org/10.1093/infdis/jix003 	28934457			Y			Y	
single			NA	96	116	V	A	V96A	H5N1		Reduced susceptibility to oseltamivir	antiviral_susceptibility			increase	avian	avian	literature	https://doi.org/10.1099/vir.0.017459-0 	20016036			Y		Y	Y	Y
combination	NA:KcheckN-NA:I203L-NA:S227N	NA:KcheckN-NA:I203L-NA:S227N:2	NA	203	222	I	L	I203L	H5N1		Reduced susceptibility to oseltamivir	antiviral_susceptibility			increase	avian	avian	literature	https://doi.org/10.1099/vir.0.017459-0 	20016036			Y			Y	
combination	NA:KcheckN-NA:I203L-NA:S227N	NA:KcheckN-NA:I203L-NA:S227N:3	NA	227	246	S	N	S227N	H5N1		Reduced susceptibility to oseltamivir	antiviral_susceptibility			increase	avian	avian	literature	https://doi.org/10.1099/vir.0.017459-0 	20016036			Y			Y	
single			NA	227	246	S	N	S227N	H5N1		Reduced susceptibility to oseltamivir	antiviral_susceptibility			increase	avian	avian	literature	https://doi.org/10.1099/vir.0.017459-0 	20016036			Y			Y	Y
single			NA	96	116	V	A	V96A	H5N1		Reduced susceptibility to zanamivir	antiviral_susceptibility			increase	avian	avian	literature	https://doi.org/10.1099/vir.0.017459-0 	20016036			Y		Y	Y	Y
single			NA	179	198	D	G	D179G	H5N1		Reduced susceptibility to oseltamivir	antiviral_susceptibility			increase	avian	avian	literature	https://doi.org/10.1128/AAC.00334-09 	19651908			Y		Y	Y	Y
combination	NA:I203M-NA:H254Y	NA:I203M-NA:H254Y:1	NA	203	222	I	M	I203M	H5N1		Reduced susceptibility to oseltamivir	antiviral_susceptibility			increase	avian	avian	literature	https://doi.org/10.1128/AAC.00334-09 	19651908			Y	Y		Y	
combination	NA:I203V-NA:H254Y	NA:I203V-NA:H254Y:1	NA	203	222	I	V	I203V	H5N1		Reduced susceptibility to oseltamivir	antiviral_susceptibility			increase	avian	avian	literature	https://doi.org/10.1128/AAC.00334-09 	19651908			Y	Y		Y	
single			NA	203	222	I	M	I203M	H5N1		Reduced susceptibility to oseltamivir	antiviral_susceptibility			increase	avian	avian	literature	https://doi.org/10.1128/AAC.00334-09 	19651908	Minor increase in resistance as single mutation		Y			Y	Y
single			NA	203	222	I	V	I203V	H5N1		Reduced susceptibility to oseltamivir	antiviral_susceptibility			increase	avian	avian	literature	https://doi.org/10.1128/AAC.00334-09 	19651908	Minor increase in resistance as single mutation		Y				
combination	NA:I203M-NA:H254Y	NA:I203M-NA:H254Y:2	NA	254	274	H	Y	H254Y	H5N1		Reduced susceptibility to oseltamivir	antiviral_susceptibility			increase	avian	avian	literature	https://doi.org/10.1128/AAC.00334-09 	19651908			Y	Y		Y	
combination	NA:I203V-NA:H254Y	NA:I203V-NA:H254Y:2	NA	254	274	H	Y	H254Y	H5N1		Reduced susceptibility to oseltamivir	antiviral_susceptibility			increase	avian	avian	literature	https://doi.org/10.1128/AAC.00334-09 	19651908			Y	Y		Y	
single			NA	254	274	H	Y	H254Y	H5N1		Reduced susceptibility to oseltamivir	antiviral_susceptibility			increase	avian	avian	literature	https://doi.org/10.1128/AAC.00334-09 	19651908			Y	Y		Y	
combination	NA:I203M-NA:H254Y	NA:I203M-NA:H254Y:1	NA	203	222	I	M	I203M	H5N1		Reduced susceptibility to peramivir	antiviral_susceptibility			increase	avian	avian	literature	https://doi.org/10.1128/AAC.00334-09 	19651908			Y	Y		Y	
combination	NA:I203V-NA:H254Y	NA:I203V-NA:H254Y:1	NA	203	222	I	V	I203V	H5N1		Reduced susceptibility to peramivir	antiviral_susceptibility			increase	avian	avian	literature	https://doi.org/10.1128/AAC.00334-09 	19651908			Y	Y		Y	
combination	NA:I203M-NA:H254Y	NA:I203M-NA:H254Y:2	NA	254	274	H	Y	H254Y	H5N1		Reduced susceptibility to peramivir	antiviral_susceptibility			increase	avian	avian	literature	https://doi.org/10.1128/AAC.00334-09 	19651908			Y	Y		Y	
combination	NA:I203V-NA:H254Y	NA:I203V-NA:H254Y:2	NA	254	274	H	Y	H254Y	H5N1		Reduced susceptibility to peramivir	antiviral_susceptibility			increase	avian	avian	literature	https://doi.org/10.1128/AAC.00334-09 	19651908			Y	Y		Y	
single			NA	254	274	H	Y	H254Y	H5N1		Reduced susceptibility to peramivir	antiviral_susceptibility			increase	avian	avian	literature	https://doi.org/10.1128/AAC.00334-09 	19651908			Y	Y		Y	
single			NA	99	119	E	A	E99A	H5N1		Reduced susceptibility to zanamivir	antiviral_susceptibility			increase	avian	avian	literature	https://doi.org/10.1128/AAC.00334-09 	19651908	Large increase in resistance to zanamivir but large reduction in NA activity/reduction in fitness						
single			NA	179	198	D	G	D179G	H5N1		Reduced susceptibility to zanamivir	antiviral_susceptibility			increase	avian	avian	literature	https://doi.org/10.1128/AAC.00334-09 	19651908			Y		Y	Y	Y
combination	NA:H254Y-NA:E258Q	NA:H254Y-NA:E258Q:1	NA	254	274	H	R	H254R	H5N1		Reduced susceptibility to oseltamivir	antiviral_susceptibility			increase	mammalian	ferret	literature	https://doi.org/10.1128/AAC.01312-06 	17296744	Mutation appeared in course of treatment with oseltamivir						
single			NA	254	274	H	Y	H254Y	H5N1		Reduced susceptibility to oseltamivir	antiviral_susceptibility			increase	mammalian	ferret	literature	https://doi.org/10.1128/AAC.01312-06 	17296744	Mutation appeared in course of treatment with oseltamivir						
combination	NA:H254Y-NA:E258Q	NA:H254Y-NA:E258Q:1	NA	258	277	E	Q	E258Q	H5N1		Reduced susceptibility to oseltamivir	antiviral_susceptibility			increase	mammalian	ferret	literature	https://doi.org/10.1128/AAC.01312-06 	17296744	Mutation appeared in course of treatment with oseltamivir		Y			Y	Y
single			NA	129	149	V	A	V129A	H5N1		Reduced susceptibility to oseltamivir	antiviral_susceptibility			increase	avian	avian	literature	https://doi.org/10.1128/AAC.01773-10 	21343450			Y		Y		Y
single			NA	129	149	V	A	V129A	H5N1		Reduced susceptibility to zanamivir	antiviral_susceptibility			increase	avian	avian	literature	https://doi.org/10.1128/AAC.01773-10 	21343450			Y		Y		Y
single			NA	275	294	N	S	N275S	H5N1		Reduced susceptibility to oseltamivir	antiviral_susceptibility			increase	mammalian	mouse/ferret	literature	https://doi.org/10.1128/JVI.00047-11 	21367898			Y				Y
single			NA	275	294	N	S	N275S	H5N1		Reduced susceptibility to oseltamivir	antiviral_susceptibility			increase	human	human cells	literature	https://doi.org/10.1128/jvi.01067-07	17855542			Y				Y
single			NA	116	136	Q	K	Q116K	H1N1		Reduced susceptibility to peramivir	antiviral_susceptibility			increase	mammalian	mammalian cells	literature	https://doi.org/10.1128/JVI.01200-09 	19641000				Y	Y		Y
single			NA	116	136	Q	K	Q116K	H1N1		Reduced susceptibility to zanamivir	antiviral_susceptibility			increase	mammalian	mammalian cells	literature	https://doi.org/10.1128/JVI.01200-09 	19641000				Y	Y		Y
combination	NA:E99A-NA:H254Y	NA:E99A-NA:H254Y:1	NA	99	119	E	A	E99A	H5N1		Reduced susceptibility to oseltamivir	antiviral_susceptibility			increase	mammalian	mammalian cells	literature	https://doi.org/10.1128/JVI.02485-14 	25320319			Y	Y	Y	Y	
combination	NA:E99D-NA:H254Y	NA:E99D-NA:H254Y:1	NA	99	119	E	D	E99D	H5N1		Reduced susceptibility to oseltamivir	antiviral_susceptibility			increase	mammalian	mammalian cells	literature	https://doi.org/10.1128/JVI.02485-14 	25320319			Y	Y	Y	Y	
combination	NA:E99G-NA:H254Y	NA:E99G-NA:H254Y:1	NA	99	119	E	G	E99G	H5N1		Reduced susceptibility to oseltamivir	antiviral_susceptibility			increase	mammalian	mammalian cells	literature	https://doi.org/10.1128/JVI.02485-14 	25320319			Y	Y	Y	Y	
single			NA	99	119	E	A	E99A	H5N1		Reduced susceptibility to oseltamivir	antiviral_susceptibility			increase	mammalian	mammalian cells	literature	https://doi.org/10.1128/JVI.02485-14 	25320319			Y		Y	Y	
single			NA	99	119	E	D	E99D	H5N1		Reduced susceptibility to oseltamivir	antiviral_susceptibility			increase	mammalian	mammalian cells	literature	https://doi.org/10.1128/JVI.02485-14 	25320319			Y	Y	Y	Y	
combination	NA:E99A-NA:H254Y	NA:E99A-NA:H254Y:2	NA	254	274	H	Y	H254Y	H5N1		Reduced susceptibility to oseltamivir	antiviral_susceptibility			increase	mammalian	mammalian cells	literature	https://doi.org/10.1128/JVI.02485-14 	25320319			Y	Y	Y	Y	
combination	NA:E99D-NA:H254Y	NA:E99D-NA:H254Y:2	NA	254	274	H	Y	H254Y	H5N1		Reduced susceptibility to oseltamivir	antiviral_susceptibility			increase	mammalian	mammalian cells	literature	https://doi.org/10.1128/JVI.02485-14 	25320319			Y	Y	Y	Y	
combination	NA:E99G-NA:H254Y	NA:E99G-NA:H254Y:2	NA	254	274	H	Y	H254Y	H5N1		Reduced susceptibility to oseltamivir	antiviral_susceptibility			increase	mammalian	mammalian cells	literature	https://doi.org/10.1128/JVI.02485-14 	25320319			Y	Y	Y	Y	
single			NA	254	274	H	Y	H254Y	H5N1		Reduced susceptibility to oseltamivir	antiviral_susceptibility			increase	mammalian	mammalian cells	literature	https://doi.org/10.1128/JVI.02485-14 	25320319			Y	Y		Y	
combination	NA:E99A-NA:H254Y	NA:E99A-NA:H254Y:1	NA	99	119	E	A	E99A	H5N1		Reduced susceptibility to peramivir	antiviral_susceptibility			increase	mammalian	mammalian cells	literature	https://doi.org/10.1128/JVI.02485-14 	25320319			Y	Y	Y	Y	
combination	NA:E99D-NA:H254Y	NA:E99D-NA:H254Y:1	NA	99	119	E	D	E99D	H5N1		Reduced susceptibility to peramivir	antiviral_susceptibility			increase	mammalian	mammalian cells	literature	https://doi.org/10.1128/JVI.02485-14 	25320319			Y	Y	Y	Y	
combination	NA:E99G-NA:H254Y	NA:E99G-NA:H254Y:1	NA	99	119	E	G	E99G	H5N1		Reduced susceptibility to peramivir	antiviral_susceptibility			increase	mammalian	mammalian cells	literature	https://doi.org/10.1128/JVI.02485-14 	25320319			Y	Y	Y	Y	
single			NA	99	119	E	D	E99D	H5N1		Reduced susceptibility to peramivir	antiviral_susceptibility			increase	mammalian	mammalian cells	literature	https://doi.org/10.1128/JVI.02485-14 	25320319			Y	Y	Y	Y	
single			NA	99	119	E	G	E99G	H5N1		Reduced susceptibility to peramivir	antiviral_susceptibility			increase	mammalian	mammalian cells	literature	https://doi.org/10.1128/JVI.02485-14 	25320319				Y	Y	Y	
combination	NA:E99A-NA:H254Y	NA:E99A-NA:H254Y:2	NA	254	274	H	Y	H254Y	H5N1		Reduced susceptibility to peramivir	antiviral_susceptibility			increase	mammalian	mammalian cells	literature	https://doi.org/10.1128/JVI.02485-14 	25320319			Y	Y	Y	Y	
combination	NA:E99D-NA:H254Y	NA:E99D-NA:H254Y:2	NA	254	274	H	Y	H254Y	H5N1		Reduced susceptibility to peramivir	antiviral_susceptibility			increase	mammalian	mammalian cells	literature	https://doi.org/10.1128/JVI.02485-14 	25320319			Y	Y	Y	Y	
combination	NA:E99G-NA:H254Y	NA:E99G-NA:H254Y:2	NA	254	274	H	Y	H254Y	H5N1		Reduced susceptibility to peramivir	antiviral_susceptibility			increase	mammalian	mammalian cells	literature	https://doi.org/10.1128/JVI.02485-14 	25320319			Y	Y	Y	Y	
single			NA	254	274	H	Y	H254Y	H5N1		Reduced susceptibility to peramivir	antiviral_susceptibility			increase	mammalian	mammalian cells	literature	https://doi.org/10.1128/JVI.02485-14 	25320319			Y	Y		Y	
combination	NA:E99A-NA:H254Y	NA:E99A-NA:H254Y:1	NA	99	119	E	A	E99A	H5N1		Reduced susceptibility to zanamivir	antiviral_susceptibility			increase	mammalian	mammalian cells	literature	https://doi.org/10.1128/JVI.02485-14 	25320319			Y	Y	Y	Y	
combination	NA:E99D-NA:H254Y	NA:E99D-NA:H254Y:1	NA	99	119	E	D	E99D	H5N1		Reduced susceptibility to zanamivir	antiviral_susceptibility			increase	mammalian	mammalian cells	literature	https://doi.org/10.1128/JVI.02485-14 	25320319			Y	Y	Y	Y	
combination	NA:E99G-NA:H254Y	NA:E99G-NA:H254Y:1	NA	99	119	E	G	E99G	H5N1		Reduced susceptibility to zanamivir	antiviral_susceptibility			increase	mammalian	mammalian cells	literature	https://doi.org/10.1128/JVI.02485-14 	25320319			Y	Y	Y	Y	
single			NA	99	119	E	A	E99A	H5N1		Reduced susceptibility to zanamivir	antiviral_susceptibility			increase	mammalian	mammalian cells	literature	https://doi.org/10.1128/JVI.02485-14 	25320319			Y		Y	Y	
single			NA	99	119	E	D	E99D	H5N1		Reduced susceptibility to zanamivir	antiviral_susceptibility			increase	mammalian	mammalian cells	literature	https://doi.org/10.1128/JVI.02485-14 	25320319			Y	Y	Y	Y	
single			NA	99	119	E	G	E99G	H5N1		Reduced susceptibility to zanamivir	antiviral_susceptibility			increase	mammalian	mammalian cells	literature	https://doi.org/10.1128/JVI.02485-14 	25320319				Y	Y	Y	
combination	NA:E99A-NA:H254Y	NA:E99A-NA:H254Y:2	NA	254	274	H	Y	H254Y	H5N1		Reduced susceptibility to zanamivir	antiviral_susceptibility			increase	mammalian	mammalian cells	literature	https://doi.org/10.1128/JVI.02485-14 	25320319			Y	Y	Y	Y	
combination	NA:E99D-NA:H254Y	NA:E99D-NA:H254Y:2	NA	254	274	H	Y	H254Y	H5N1		Reduced susceptibility to zanamivir	antiviral_susceptibility			increase	mammalian	mammalian cells	literature	https://doi.org/10.1128/JVI.02485-14 	25320319			Y	Y	Y	Y	
combination	NA:E99G-NA:H254Y	NA:E99G-NA:H254Y:2	NA	254	274	H	Y	H254Y	H5N1		Reduced susceptibility to zanamivir	antiviral_susceptibility			increase	mammalian	mammalian cells	literature	https://doi.org/10.1128/JVI.02485-14 	25320319			Y	Y	Y	Y	
single			NA	99	119	E	A	E99A	H5N1		Reduced susceptibility to oseltamivir	antiviral_susceptibility			increase	mammalian	mammalian cells	literature	https://doi.org/10.1128/JVI.06774-11 	22379077							
single			NA	136	156	R	K	R136K	H5N1		Reduced susceptibility to oseltamivir	antiviral_susceptibility			increase	mammalian	mammalian cells	literature	https://doi.org/10.1128/jvi.06774-11 	22379077			Y	Y	Y		Y
single			NA	99	119	E	A	E99A	H5N1		Reduced susceptibility to peramivir	antiviral_susceptibility			increase	mammalian	mammalian cells	literature	https://doi.org/10.1128/JVI.06774-11 	22379077							
single			NA	136	156	R	K	R136K	H5N1		Reduced susceptibility to peramivir	antiviral_susceptibility			increase	mammalian	mammalian cells	literature	https://doi.org/10.1128/jvi.06774-11 	22379077			Y	Y	Y		Y
single			NA	99	119	E	A	E99A	H5N1		Reduced susceptibility to zanamivir	antiviral_susceptibility			increase	mammalian	mammalian cells	literature	https://doi.org/10.1128/JVI.06774-11 	22379077							
single			NA	136	156	R	K	R136K	H5N1		Reduced susceptibility to zanamivir	antiviral_susceptibility			increase	mammalian	mammalian cells	literature	https://doi.org/10.1128/jvi.06774-11 	22379077			Y	Y	Y		Y
single			NA	99	119	E	A	E99A	H4N2		Reduced susceptibility to zanamivir	antiviral_susceptibility			increase	avian	Turkey	literature	https://doi.org/10.1128/jvi.71.5.3385-3390.1997 	9094607					Y	Y	
single			NA	99	119	E	D	E99D	H4N2		Reduced susceptibility to zanamivir	antiviral_susceptibility			increase	avian	Turkey	literature	https://doi.org/10.1128/jvi.71.5.3385-3390.1997 	9094607					Y	Y	
single			NA	99	119	E	G	E99G	H4N2		Reduced susceptibility to zanamivir	antiviral_susceptibility			increase	avian	Turkey	literature	https://doi.org/10.1128/jvi.71.5.3385-3390.1997 	9094607					Y	Y	
single			NA	99	119	E	V	E99V	HxN1		Reduced susceptibility to oseltamivir	antiviral_susceptibility			increase	human	human cells	literature	https://doi.org/10.1177/135965350601100804 	17302366							
single			NA	99	119	E	V	E99V	HxN1		Reduced susceptibility to peramivir	antiviral_susceptibility			increase	human	human cells	literature	https://doi.org/10.1177/135965350601100804 	17302366							
single			NA	99	119	E	V	E99V	HxN1		Reduced susceptibility to zanamivir	antiviral_susceptibility			increase	human	human cells	literature	https://doi.org/10.1177/135965350601100804 	17302366							
single			NA	99	119	E	V	E99V	HxN2		Reduced susceptibility to oseltamivir	antiviral_susceptibility			increase	human	human cells	literature	https://doi.org/10.1177/135965350601100804 	17302366							
single			NA	97	117	I	V	I97V	H5N1		Reduced susceptibility to oseltamivir	antiviral_susceptibility			increase	human	human	literature	https://doi.org/10.1371/journal.pone.0003339 	18836532			Y				Y
single			NA	96	116	V	A	V96A	H5N1		Reduced susceptibility to oseltamivir	antiviral_susceptibility			increase	mammalian	ferret	literature	https://doi.org/10.1371/journal.ppat.1000933 	20523902			Y		Y		Y
single			NA	97	117	I	V	I97V	H5N1		Reduced susceptibility to oseltamivir	antiviral_susceptibility			increase	mammalian	ferret	literature	https://doi.org/10.1371/journal.ppat.1000933 	20523902			Y				Y
single			NA	99	119	E	A	E99A	H5N1		Reduced susceptibility to oseltamivir	antiviral_susceptibility			increase	mammalian	ferret	literature	https://doi.org/10.1371/journal.ppat.1000933 	20523902			Y		Y	Y	Y
single			NA	254	274	H	Y	H254Y	H5N1		Reduced susceptibility to oseltamivir	antiviral_susceptibility			increase	mammalian	ferret	literature	https://doi.org/10.1371/journal.ppat.1000933 	20523902			Y	Y		Y	
single			NA	254	274	H	Y	H254Y	H5N1		Reduced susceptibility to peramivir	antiviral_susceptibility			increase	mammalian	ferret	literature	https://doi.org/10.1371/journal.ppat.1000933 	20523902			Y	Y		Y	
single			NA	96	116	V	A	V96A	H5N1		Reduced susceptibility to zanamivir	antiviral_susceptibility			increase	mammalian	ferret	literature	https://doi.org/10.1371/journal.ppat.1000933 	20523902			Y		Y		Y
single			NA	99	119	E	A	E99A	H5N1		Reduced susceptibility to zanamivir	antiviral_susceptibility			increase	mammalian	ferret	literature	https://doi.org/10.1371/journal.ppat.1000933 	20523902			Y		Y	Y	Y
combination	NA:S227N-NA:H254Y	NA:S227N-NA:H254Y:1	NA	227	246	S	N	S227N	H1N1		Reduced susceptibility to oseltamivir	antiviral_susceptibility			increase	human	human cells	literature	https://doi.org/10.2807/ese.16.23.19884-en	21679678	Large increase in oseltamivir resistance with combination						
single			NA	227	246	S	N	S227N	H1N1		Reduced susceptibility to oseltamivir	antiviral_susceptibility			increase	human	human cells	literature	https://doi.org/10.2807/ese.16.23.19884-en	21679678							
combination	NA:S227N-NA:H254Y	NA:S227N-NA:H254Y:2	NA	254	274	H	Y	H254Y	H1N1		Reduced susceptibility to oseltamivir	antiviral_susceptibility			increase	human	human cells	literature	https://doi.org/10.2807/ese.16.23.19884-en	21679678	Large increase in oseltamivir resistance with combination						
combination	NA:S227N-NA:H254Y	NA:S227N-NA:H254Y:3	NA	227	246	S	N	S227N	H1N1		Reduced susceptibility to peramivir	antiviral_susceptibility			increase	human	human cells	literature	https://doi.org/10.2807/ese.16.23.19884-en	21679678							
combination	NA:S227N-NA:H254Y	NA:S227N-NA:H254Y:4	NA	254	274	H	Y	H254Y	H1N1		Reduced susceptibility to peramivir	antiviral_susceptibility			increase	human	human cells	literature	https://doi.org/10.2807/ese.16.23.19884-en	21679678							
single			NA	227	246	S	N	S227N	H1N1		Reduced susceptibility to zanamivir	antiviral_susceptibility			increase	human	human cells	literature	https://doi.org/10.2807/ese.16.23.19884-en	21679678							
single			NA	254	274	H	Y	H254Y	H5N1		Reduced susceptibility to oseltamivir	antiviral_susceptibility			increase	avian	avian	literature	https://doi.org/10.3201/eid1912.130705 	24274711			Y	Y		Y	
single			NA	254	274	H	Y	H254Y	H5N1		Reduced susceptibility to peramivir	antiviral_susceptibility			increase	avian	avian	literature	https://doi.org/10.3201/eid1912.130705 	24274711			Y	Y		Y	
